-- --------------------------------------------------------
-- Хост:                         127.0.0.1
-- Версия сервера:               10.1.10-MariaDB - mariadb.org binary distribution
-- ОС Сервера:                   Win32
-- HeidiSQL Версия:              9.3.0.4984
-- --------------------------------------------------------

/*!40101 SET @OLD_CHARACTER_SET_CLIENT=@@CHARACTER_SET_CLIENT */;
/*!40101 SET NAMES utf8mb4 */;
/*!40014 SET @OLD_FOREIGN_KEY_CHECKS=@@FOREIGN_KEY_CHECKS, FOREIGN_KEY_CHECKS=0 */;
/*!40101 SET @OLD_SQL_MODE=@@SQL_MODE, SQL_MODE='NO_AUTO_VALUE_ON_ZERO' */;

-- Дамп структуры базы данных Module4
CREATE DATABASE IF NOT EXISTS `module4` /*!40100 DEFAULT CHARACTER SET latin1 */;
USE `Module4`;


-- Дамп структуры для таблица Module4.categories
CREATE TABLE IF NOT EXISTS `categories` (
  `id` int(2) unsigned zerofill NOT NULL AUTO_INCREMENT,
  `category` varchar(50) DEFAULT NULL,
  PRIMARY KEY (`id`)
) ENGINE=InnoDB AUTO_INCREMENT=6 DEFAULT CHARSET=latin1 COMMENT='News categories';

-- Дамп данных таблицы Module4.categories: ~5 rows (приблизительно)
/*!40000 ALTER TABLE `categories` DISABLE KEYS */;
INSERT INTO `categories` (`id`, `category`) VALUES
	(01, 'Policy'),
	(02, 'Sport'),
	(03, 'IT'),
	(04, 'Science'),
	(05, 'Media');
/*!40000 ALTER TABLE `categories` ENABLE KEYS */;


-- Дамп структуры для таблица Module4.comments
CREATE TABLE IF NOT EXISTS `comments` (
  `id` int(10) unsigned zerofill NOT NULL AUTO_INCREMENT,
  `news_id` int(11) unsigned zerofill NOT NULL,
  `author` varchar(15) CHARACTER SET utf8 COLLATE utf8_unicode_ci NOT NULL,
  `date` varchar(255) CHARACTER SET utf8 COLLATE utf8_unicode_ci DEFAULT NULL,
  `comment` varchar(255) CHARACTER SET utf8 COLLATE utf8_unicode_ci NOT NULL,
  PRIMARY KEY (`id`),
  KEY `FK_comments_news` (`news_id`),
  CONSTRAINT `FK_comments_news` FOREIGN KEY (`news_id`) REFERENCES `news` (`id`) ON DELETE NO ACTION ON UPDATE NO ACTION
) ENGINE=InnoDB AUTO_INCREMENT=23 DEFAULT CHARSET=latin1 COMMENT='User comments';

-- Дамп данных таблицы Module4.comments: ~22 rows (приблизительно)
/*!40000 ALTER TABLE `comments` DISABLE KEYS */;
INSERT INTO `comments` (`id`, `news_id`, `author`, `date`, `comment`) VALUES
	(0000000001, 00000000010, 'petea', 'Wednesday 27th of July 2016 01:24:29 PM', 'cool!'),
	(0000000002, 00000000010, 'petea', 'Wednesday 27th of July 2016 01:27:53 PM', 'cool!'),
	(0000000003, 00000000009, 'petea', 'Wednesday 27th of July 2016 01:34:25 PM', 'great!'),
	(0000000004, 00000000011, 'petea', 'Wednesday 27th of July 2016 01:49:34 PM', 'vasea'),
	(0000000005, 00000000014, 'petea', 'Wednesday 27th of July 2016 01:53:33 PM', 'vasilii!!!!!!!!!!!!!!'),
	(0000000006, 00000000014, 'petea', 'Wednesday 27th of July 2016 01:59:11 PM', 'uraaa!!!'),
	(0000000007, 00000000005, 'petea', 'Wednesday 27th of July 2016 01:59:27 PM', 'loosers!'),
	(0000000008, 00000000005, 'petea', 'Wednesday 27th of July 2016 02:00:20 PM', 'loosers!'),
	(0000000009, 00000000015, 'petea', 'Wednesday 27th of July 2016 02:00:51 PM', 'www'),
	(0000000010, 00000000015, 'petea', 'Wednesday 27th of July 2016 09:12:25 PM', '??????'),
	(0000000011, 00000000001, 'petea', 'Wednesday 27th of July 2016 09:14:09 PM', 'йцуен'),
	(0000000012, 00000000010, 'petea', 'Wednesday 27th of July 2016 09:28:30 PM', 'wow!'),
	(0000000013, 00000000003, 'petea', 'Wednesday 27th of July 2016 09:28:53 PM', 'great!'),
	(0000000014, 00000000001, 'petea', 'Wednesday 27th of July 2016 10:29:52 PM', 'vasea'),
	(0000000015, 00000000007, 'petea', 'Wednesday 27th of July 2016 10:53:26 PM', 'vasea'),
	(0000000016, 00000000006, 'petea', 'Wednesday 27th of July 2016 10:54:28 PM', 'nadea'),
	(0000000017, 00000000006, 'petea', 'Wednesday 27th of July 2016 11:26:45 PM', 'wow'),
	(0000000018, 00000000016, 'opasia', 'Wednesday 27th of July 2016 11:27:05 PM', 'cool!'),
	(0000000019, 00000000006, 'opasia', 'Thursday 28th of July 2016 06:54:37 AM', 'esg'),
	(0000000020, 00000000034, 'vasea', 'Wednesday 27th of July 2016 01:27:53 PM', ''),
	(0000000021, 00000000022, 'alla', 'Wednesday 27th of July 2016 01:27:53 PM', ''),
	(0000000022, 00000000022, 'alla', 'Wednesday 27th of July 2016 01:27:53 PM', '');
/*!40000 ALTER TABLE `comments` ENABLE KEYS */;


-- Дамп структуры для таблица Module4.news
CREATE TABLE IF NOT EXISTS `news` (
  `id` int(11) unsigned zerofill NOT NULL AUTO_INCREMENT,
  `category` int(2) unsigned zerofill NOT NULL,
  `image` varchar(255) DEFAULT NULL,
  `date` int(11) unsigned DEFAULT NULL,
  `author` varchar(255) CHARACTER SET utf8 COLLATE utf8_unicode_ci DEFAULT NULL,
  `header` varchar(255) CHARACTER SET utf8 COLLATE utf8_unicode_ci DEFAULT NULL,
  `content` longtext CHARACTER SET utf8 COLLATE utf8_unicode_ci,
  `tags` varchar(255) CHARACTER SET utf8 COLLATE utf8_unicode_ci DEFAULT NULL,
  PRIMARY KEY (`id`),
  KEY `FK_news_category` (`category`),
  CONSTRAINT `FK_news_category` FOREIGN KEY (`category`) REFERENCES `categories` (`id`) ON DELETE CASCADE ON UPDATE CASCADE
) ENGINE=InnoDB AUTO_INCREMENT=36 DEFAULT CHARSET=latin1;

-- Дамп данных таблицы Module4.news: ~35 rows (приблизительно)
/*!40000 ALTER TABLE `news` DISABLE KEYS */;
INSERT INTO `news` (`id`, `category`, `image`, `date`, `author`, `header`, `content`, `tags`) VALUES
	(00000000001, 01, 'http://static.independent.co.uk/s3fs-public/styles/story_large/public/thumbnails/image/2016/07/23/09/owen-smith.jpeg', 1469278415, 'Vasea Vasin', 'Smith to commit to equal representation of women in the Labour Party', 'Lorem ipsum dolor sit amet, consectetur adipiscing elit. Vivamus laoreet, magna ac congue posuere, lacus ante egestas nulla, pellentesque eleifend eros lorem a nisl. Morbi egestas at sem imperdiet pellentesque. Morbi molestie tempor tincidunt. Quisque pretium, arcu sed venenatis egestas, tortor leo porttitor augue, fringilla dapibus velit neque in ipsum. Integer sit amet neque iaculis, mattis tortor eu, lobortis nulla. Donec aliquet hendrerit odio, in pretium odio dictum vitae. Etiam non felis vitae tortor porta ornare ut nec massa. Nunc non interdum est, at consequat massa. Vestibulum nec nisi quis justo maximus lobortis eget nec diam. Donec vel interdum ipsum, quis posuere mauris.\r\n', 'Smith women Labour Party'),
	(00000000002, 02, 'http://static.independent.co.uk/s3fs-public/styles/story_large/public/thumbnails/image/2016/07/22/17/john-stones.jpg', 1469278419, 'Petea Petrov', 'City prepare £50m bid for Everton\'s Stones', 'Lorem ipsum dolor sit amet, consectetur adipiscing elit. Curabitur dictum ante nec ultrices pulvinar. Nunc rhoncus dictum urna in fringilla. Quisque id lorem sollicitudin, sagittis risus eu, imperdiet nulla. Duis malesuada pharetra bibendum. Aliquam pulvinar ut nisi nec rhoncus. Sed eget augue quis nisl eleifend rutrum. Aenean congue a ex a sollicitudin. Quisque eu pellentesque augue, nec auctor arcu. Phasellus vel neque eget ipsum ultricies pulvinar sed ut augue. Donec vel enim dui. Donec id aliquam est, et porttitor velit. Nullam dictum leo ornare, interdum augue eu, dignissim urna. Aliquam erat volutpat. Suspendisse fermentum mauris nulla, non lobortis dui mattis molestie.', 'City Everton\'s Stones footbal'),
	(00000000003, 04, 'http://static.independent.co.uk/s3fs-public/styles/story_large/public/thumbnails/image/2016/06/29/17/darwin-credit-english-heritage.jpg', 1469278423, 'Ivan Ivanov', 'Altruism has \'more of an evolutionary advantage than selfishness\'', 'Lorem ipsum dolor sit amet, consectetur adipiscing elit. In euismod condimentum tristique. Curabitur eget aliquam mauris. Duis blandit ex non ipsum luctus maximus. Donec diam ipsum, sollicitudin sed dapibus id, ornare at odio. Sed eget diam mattis, dapibus ligula vitae, congue nisi. Fusce tristique in erat non fringilla. In eros est, luctus a sem et, feugiat eleifend nisl. Aliquam vitae porta odio, vel maximus odio. Integer et tincidunt felis. In id purus sed nisl ullamcorper volutpat.', 'Altruism evolutionary selfishness'),
	(00000000004, 05, 'http://static.independent.co.uk/s3fs-public/styles/story_large/public/thumbnails/image/2016/07/20/14/mail-online-islamic-2.jpg', 1469278426, 'Kostea Konstantinov', 'Watchdog rules against Mail Online over \'Islamic honour killing\' story', 'Vivamus lacinia nulla non tellus lacinia, nec volutpat dui mollis. Vestibulum blandit ante id est convallis, egestas volutpat libero bibendum. Morbi sagittis auctor ipsum. Aliquam metus ipsum, interdum eget pretium non, eleifend vel nulla. Quisque maximus enim a nisl dapibus, congue iaculis lorem tincidunt. Nullam ut blandit tellus. Integer volutpat erat ac placerat aliquam. Nulla sed nisi ut nisi tincidunt lobortis pellentesque at tortor. Aliquam a placerat sapien. Morbi lacinia et sapien a ullamcorper. Proin congue augue sem, eu accumsan nibh finibus ac. Morbi fringilla, arcu sed dapibus vestibulum, est sapien facilisis enim, sed molestie dui tortor eget lectus. Ut justo quam, iaculis et molestie id, pellentesque a ligula. Fusce eu tempor sem, eget tempor tortor.', 'Watchdog Mail Online Islamic killing'),
	(00000000005, 03, 'http://static.independent.co.uk/s3fs-public/styles/story_large/public/thumbnails/image/2016/06/22/15/iphonestable.jpg', 1469278429, 'Petea Petrov', 'iOS bug: iPhone users urged to update after Apple fixes huge password vulnerability', 'Lorem ipsum dolor sit amet, consectetur adipiscing elit. Maecenas placerat erat nec magna dapibus vehicula. Praesent id sapien elit. Aenean massa lectus, semper ut ex sit amet, vulputate commodo dolor. Sed dapibus felis at risus pulvinar convallis. Sed feugiat nec sapien eget egestas. Mauris commodo libero sit amet faucibus finibus. Donec sed mattis nibh. Morbi laoreet varius purus, id fermentum diam iaculis eu. Suspendisse vitae risus suscipit, volutpat eros quis, luctus velit. Duis varius tempor sem, eget maximus nulla egestas faucibus. Etiam porta ipsum et nulla ullamcorper, et vestibulum magna convallis. Phasellus imperdiet faucibus nulla vel efficitur. Fusce consectetur nunc vel arcu ullamcorper blandit. Nunc nec felis id enim condimentum sagittis in vitae nunc. Sed tempor porttitor accumsan.', 'iOS bug iPhone Apple vulnerability'),
	(00000000006, 01, 'http://static.independent.co.uk/s3fs-public/styles/story_large/public/thumbnails/image/2016/07/23/01/len-mccluskey-pa.jpg', 1469278432, 'Vasea Vasin', 'Unite leader says MI5 may be behind online abuse of Corbyn', 'Aenean sit amet enim lobortis, condimentum sem condimentum, dapibus felis. Phasellus nec molestie nisi, eu consectetur lectus. Quisque eu eros risus. Integer eget faucibus sapien. Vivamus tempor volutpat ipsum eget ullamcorper. Morbi eu est quis nulla congue varius. Aliquam nec sem sed nibh faucibus aliquam. Integer commodo sem vel libero facilisis tempor. Morbi non ultrices sem, ac mollis enim. Cras in dignissim nibh. Nulla facilisi. Vivamus venenatis, lorem sed consequat tristique, erat nisl eleifend dui, ut dictum leo massa nec leo. Maecenas semper tellus nisi, at gravida neque elementum in. Morbi scelerisque porttitor aliquet.', 'Unite MI5 Corbyn'),
	(00000000007, 01, 'http://www.independent.co.uk/s3/files/styles/article_large/public/thumbnails/image/2016/07/23/00/borisjohnson.jpg', 1469278442, 'Anonim', 'Boris Johnson says terrorism is a \'global sickness\' after Munich', 'Aliquam quis sapien et mauris mollis tincidunt sit amet ut turpis. Duis ante elit, aliquam sit amet eros quis, consequat sollicitudin tortor. Pellentesque porta mauris nec nulla tincidunt consequat. Suspendisse ut orci diam. Pellentesque varius venenatis sollicitudin. Maecenas accumsan laoreet sapien, ut congue sem gravida sed. Praesent lacinia dolor a tristique varius. Aenean neque eros, ornare ac rutrum a, tincidunt quis ante. Fusce lacinia ornare sodales. Sed in dui condimentum tellus imperdiet pulvinar. Integer dapibus nec eros mollis consequat. Aenean placerat commodo felis sit amet efficitur. Vestibulum mollis nisi justo, non fringilla lorem aliquam in. Sed venenatis sapien massa, ac porta nisl ornare sed. Etiam blandit lectus ac ligula blandit, a maximus dolor accumsan. Sed aliquet mi in tellus convallis dictum.', 'Boris Johnson terrorism Munich'),
	(00000000008, 01, 'http://static.independent.co.uk/s3fs-public/styles/story_large/public/thumbnails/image/2016/04/29/13/1400-oxford-alamy.jpg', 1469278445, 'Petea Petrov', 'Europes university leaders want continued collaboration post-Brexit', 'Etiam vulputate suscipit ipsum, ut aliquet eros dapibus sed. Donec elit est, ultricies ut odio a, pulvinar luctus ex. Ut vel massa sit amet mi accumsan dictum. Nulla aliquam libero id commodo hendrerit. Class aptent taciti sociosqu ad litora torquent per conubia nostra, per inceptos himenaeos. Nam tristique nec lorem quis dapibus. Curabitur eu auctor orci. Etiam suscipit nunc ut massa congue malesuada. Donec blandit eu lacus vel varius. Donec in erat ac nibh sagittis euismod. In hac habitasse platea dictumst. Etiam ullamcorper condimentum odio, vel tempus turpis rhoncus ultricies. Suspendisse posuere a magna at ultricies. Suspendisse eu fringilla dui.', 'Europe leaders collaboration post-Brexit'),
	(00000000009, 01, 'http://static.independent.co.uk/s3fs-public/styles/story_large/public/thumbnails/image/2016/07/22/13/corbyn-new.jpg', 1469278447, 'Anonim', '\'I dont do bullying\': Jeremy Corbyn denies Labour MP\'s threat claim', 'Aenean tempus, libero sit amet rhoncus fringilla, massa orci condimentum ipsum, vel efficitur dolor ex vitae ipsum. Donec tincidunt velit quis lacinia aliquet. Integer in imperdiet erat. Pellentesque mattis purus orci, vel ultricies turpis tempus vitae. Phasellus posuere nunc quis tellus aliquet, vel ornare dolor bibendum. Curabitur nibh quam, maximus sed ex vel, hendrerit imperdiet eros. Maecenas id sem nisl. Curabitur ac facilisis mi, ut condimentum dolor. Vestibulum eleifend eget nunc sed semper.', 'Jeremy Corbyn Labour MP'),
	(00000000010, 01, 'http://static.independent.co.uk/s3fs-public/styles/story_large/public/thumbnails/image/2016/07/17/18/owen-smith4.jpg', 1469278450, 'Anonim', 'Owen Smith hires Jeremy Corbyn\'s former policy adviser', 'Cras et mauris sagittis urna venenatis iaculis. Etiam tortor enim, vulputate eget consequat eget, condimentum at mi. Morbi sit amet iaculis quam, quis lacinia est. Sed iaculis justo ac commodo viverra. Donec posuere pharetra consequat. Maecenas eu arcu ac massa accumsan venenatis. Sed id finibus quam. Curabitur accumsan metus diam, hendrerit malesuada massa suscipit vitae. Nulla at facilisis magna. Duis erat arcu, molestie eget orci sit amet, blandit ultrices massa. Praesent sed lorem tortor.', 'Owen Smith Jeremy Corbyn policy'),
	(00000000011, 01, 'http://static.independent.co.uk/s3fs-public/styles/story_large/public/thumbnails/image/2016/07/13/18/theresa-may.jpg', 1469278454, 'Vasea Vasin', '\r\nMay \'to replace Downing Street art with framed quotes of own speech\'', 'Phasellus sodales, mauris quis efficitur volutpat, dolor orci feugiat velit, sit amet euismod lorem purus sit amet massa. Praesent at felis pharetra, vulputate felis rhoncus, luctus mauris. Ut condimentum aliquam dui non condimentum. Vestibulum ante ipsum primis in faucibus orci luctus et ultrices posuere cubilia Curae; Aenean fringilla quam at pretium efficitur. Vestibulum sit amet orci a enim pellentesque lobortis. Nam facilisis vitae mi eget congue. Etiam dapibus, velit nec semper mattis, velit velit rutrum metus, rutrum condimentum turpis neque non felis. Etiam eu vehicula enim. Fusce et vulputate lorem, vel euismod purus. In nibh tellus, ornare id purus a, suscipit luctus justo. Nam aliquam sodales pharetra. Aenean vulputate sem sit amet sem volutpat, in sodales enim semper. In euismod elit in mi pretium placerat.', 'Downing Street-art quotes'),
	(00000000012, 02, 'http://static.independent.co.uk/s3fs-public/styles/story_large/public/thumbnails/image/2016/07/17/10/mahrez.jpg', 1469278458, 'Kostea Konstantinov', 'Mahrez \'agrees to join\' Arsenal, according to reports', 'Fusce urna erat, malesuada vel convallis eu, faucibus sit amet velit. Pellentesque erat purus, efficitur vel blandit ut, rutrum quis dolor. Donec aliquet vel tellus in molestie. Morbi et erat felis. Mauris fermentum sodales ornare. Pellentesque habitant morbi tristique senectus et netus et malesuada fames ac turpis egestas. Mauris lobortis scelerisque ex, eu ultrices mi commodo vel. Suspendisse enim lectus, sagittis et urna vel, lobortis blandit eros. Nam sed tellus augue. Quisque rutrum imperdiet purus et pretium. Donec laoreet vel mauris sed rhoncus. Etiam interdum ligula quis justo tempus accumsan.', 'Mahrez Arsenal'),
	(00000000013, 02, 'http://static.independent.co.uk/s3fs-public/styles/story_large/public/thumbnails/image/2016/07/21/11/pogba1.jpg', 1469278460, 'Anonim', 'United in \'negotiations\' over Pogba, Allegri confirms', 'Sed lobortis diam in diam tincidunt euismod. Donec non libero molestie, ultricies odio efficitur, pulvinar ex. Proin et ex elementum, sagittis lacus non, fermentum justo. Morbi vestibulum consequat ullamcorper. Suspendisse felis lorem, viverra porta nisi in, laoreet condimentum risus. Nam mattis maximus dignissim. Sed posuere rhoncus augue, varius porttitor purus posuere nec. Donec quis eleifend dui. Ut pharetra tempus nulla a dictum. Proin nec urna justo. Maecenas sagittis laoreet felis sed scelerisque. Etiam neque mi, porttitor a risus nec, cursus lobortis sem. Donec sed aliquam erat, ac molestie turpis. Cras laoreet lacus finibus facilisis feugiat. Cras facilisis dignissim tellus at ullamcorper. Suspendisse nisl diam, vulputate ac magna id, consequat sollicitudin nunc.', 'negotiations Pogba Allegri footbal'),
	(00000000014, 02, 'http://static.independent.co.uk/s3fs-public/styles/story_large/public/thumbnails/image/2016/07/22/19/georginio-wijnaldum.jpg', 1469278462, 'Kostea Konstantinov', 'Friday\'s Liverpool transfer news and rumours', 'Vestibulum ac massa placerat, mollis lorem non, efficitur lorem. Maecenas volutpat ex nec arcu fermentum maximus. Cras a malesuada neque, sit amet finibus nisi. Aliquam auctor eros arcu, quis sagittis nibh ornare non. Nullam accumsan scelerisque tortor, luctus pretium quam fringilla ut. Ut auctor tincidunt vestibulum. Vestibulum ante ipsum primis in faucibus orci luctus et ultrices posuere cubilia Curae; Proin sed placerat turpis, eget ultrices libero. Pellentesque habitant morbi tristique senectus et netus et malesuada fames ac turpis egestas. Curabitur nisl quam, eleifend vitae libero venenatis, pulvinar lobortis massa. Duis eleifend quam nec dolor tincidunt, et dapibus dolor aliquam. Fusce in sagittis mi. Sed hendrerit interdum metus, eget vulputate enim scelerisque in. Pellentesque elit ex, molestie in lacus dignissim, tincidunt aliquam eros. Fusce consectetur auctor mauris. Aliquam erat volutpat.', 'Liverpool transfer rumours'),
	(00000000015, 02, 'http://static.independent.co.uk/s3fs-public/styles/story_large/public/thumbnails/image/2016/07/20/21/rodgers.jpg', 1469278464, 'Petea Petrov', 'Rodgers\' career rebuild under way at Celtic after Anfield slump', 'Nam interdum elit vitae euismod sollicitudin. Nam sit amet malesuada tellus. Integer sodales, purus et fermentum tincidunt, tellus enim elementum velit, eget maximus sapien nunc vitae tellus. Donec euismod augue sed nisl volutpat, eget tincidunt mi imperdiet. Quisque feugiat scelerisque pulvinar. Interdum et malesuada fames ac ante ipsum primis in faucibus. Interdum et malesuada fames ac ante ipsum primis in faucibus. Nunc scelerisque in nisl id commodo. Quisque iaculis neque at mauris ultrices convallis. Suspendisse sed metus volutpat, luctus urna id, suscipit lacus. Nulla ultrices ac turpis sed rutrum. Fusce ultricies pharetra risus eget hendrerit. Vestibulum venenatis mauris a ullamcorper finibus. Sed efficitur elementum orci, at condimentum neque volutpat eu. Donec pellentesque sollicitudin dictum.', 'Rodgers\' rebuild Celtic Anfield footbal'),
	(00000000016, 02, 'http://static.independent.co.uk/s3fs-public/styles/story_large/public/thumbnails/image/2016/06/21/22/alvaro-morata.jpg', 1469278466, 'Ivan Ivanov', 'Conte refuses to rule out third bid for Madrid\'s Morata', 'Donec lacinia ultricies hendrerit. Praesent euismod fringilla urna, non luctus nisl molestie sit amet. Nam rutrum lacus porttitor purus gravida tincidunt. Nulla quis tincidunt leo, ut blandit dolor. Etiam efficitur orci eget erat iaculis, at facilisis dui finibus. Vestibulum non arcu scelerisque, bibendum orci scelerisque, euismod erat. Curabitur et venenatis risus. Nulla ac nulla at ex fringilla tincidunt.', 'Conte Madrid\'s Morata footbal'),
	(00000000017, 02, 'http://static.independent.co.uk/s3fs-public/styles/story_large/public/thumbnails/image/2016/07/22/18/wayne-rooney_0.jpg', 1469278468, 'Vasea Vasin', 'Rooney determined to play a part in Allardyce\'s England set-up', 'Nunc quam dolor, tincidunt ut tortor id, tempor lobortis erat. Aenean purus dolor, posuere sed elementum non, sagittis posuere mauris. Pellentesque aliquet, dui in imperdiet semper, tortor neque lacinia odio, eu auctor ipsum nisl dignissim dolor. Ut lacinia placerat ornare. Sed tempus urna at nisl fermentum, non convallis metus gravida. Nam est libero, consectetur in bibendum sit amet, rutrum in turpis. Nullam efficitur est et purus aliquam ullamcorper. Maecenas vitae commodo lorem, vitae gravida turpis. Proin ac sollicitudin risus. Aenean ullamcorper vestibulum massa eu venenatis.', ' Rooney  England footbal Allardyce\'s'),
	(00000000018, 04, 'http://static.independent.co.uk/s3fs-public/styles/story_large/public/thumbnails/image/2016/07/20/12/ants.jpg', 1469278469, 'Andrey Andreev', 'Ants \'invented farming 60 million years ago\'', 'Suspendisse hendrerit massa sit amet sem finibus, quis aliquet nisl commodo. Duis sed lorem in velit tincidunt mattis. Sed feugiat augue ut urna malesuada imperdiet. Aenean vulputate, ante eget elementum malesuada, purus metus aliquam sapien, vel aliquam elit ex vitae odio. Integer dictum, massa ut pulvinar molestie, orci felis tincidunt mauris, vel efficitur nunc dui quis ex. Vestibulum maximus, nulla et viverra lobortis, metus magna cursus diam, quis tristique lectus enim sit amet massa. Suspendisse blandit massa eget erat rhoncus faucibus. Etiam sollicitudin lacinia ex eget blandit. Mauris dignissim commodo mauris nec fringilla.', 'Ants farming '),
	(00000000019, 04, 'http://www.independent.co.uk/s3/files/styles/story_large/public/thumbnails/image/2016/07/22/14/graham.jpg', 1469278471, 'Vasea Vasin', 'How \'Graham\' raised road safety awareness, became terrifying meme', 'Morbi ornare interdum nunc quis luctus. Cras luctus enim in odio aliquam, vel lacinia nisi bibendum. Suspendisse fringilla viverra ex, vitae mollis felis mattis nec. Aenean sem sapien, condimentum vehicula dignissim in, pretium sed augue. Maecenas pharetra neque risus, sit amet viverra dui congue id. Nam sit amet libero congue, sagittis nisi nec, ultricies nibh. Donec scelerisque mauris vel nulla varius, et iaculis metus maximus. Class aptent taciti sociosqu ad litora torquent per conubia nostra, per inceptos himenaeos. Integer sit amet orci ac massa commodo volutpat. Praesent gravida scelerisque laoreet.', 'safety awareness road '),
	(00000000020, 04, 'http://static.independent.co.uk/s3fs-public/styles/story_large/public/thumbnails/image/2014/12/09/22/web-science-study-RF-gettyc.jpg', 1469278476, 'Vasea Vasin', 'Study that said fat people were stupid claimed nothing of the sort', 'Etiam vel lacus eu odio condimentum tempus. Phasellus ut maximus augue, in bibendum nibh. Mauris non velit est. Duis a velit suscipit, venenatis ex eu, gravida metus. Aenean lacus ipsum, interdum at mauris ac, hendrerit pretium nibh. Nullam sodales sapien vitae neque consequat rhoncus. Aenean ac enim nec odio convallis gravida. In hac habitasse platea dictumst.', 'fat people study'),
	(00000000021, 04, 'http://static.independent.co.uk/s3fs-public/styles/story_large/public/thumbnails/image/2016/07/21/16/honeyguide_0.jpg', 1469278478, 'Petea Petrov', 'Humans and wild birds talk to each other as they hunt bees’ honey', 'Suspendisse nec leo faucibus, ultricies nisl at, porttitor lectus. In pharetra sem et dui varius, id ultrices dui dictum. Nam finibus imperdiet massa dictum tristique. Vestibulum ornare lacus ut mauris tempus, non sagittis libero maximus. Donec tincidunt nibh egestas, laoreet justo a, accumsan diam. Cras quis felis tellus. Quisque nec magna fringilla, interdum mi vitae, iaculis tortor. Sed efficitur vestibulum vulputate. Duis efficitur diam vestibulum iaculis maximus. Pellentesque consequat metus lacus.', 'wild birds talk honey'),
	(00000000022, 04, 'http://static.independent.co.uk/s3fs-public/styles/story_large/public/thumbnails/image/2016/02/02/21/52-Chicken.jpg', 1469278480, 'Ivan Ivanov', 'How to avoid getting malaria sleep with a chicken', 'Praesent molestie tempor arcu, at cursus velit tincidunt at. Pellentesque rutrum venenatis metus vitae malesuada. Morbi commodo mollis ligula, ut efficitur justo cursus et. Donec orci est, tristique id fringilla posuere, aliquam at sapien. Phasellus nulla magna, egestas non lacus sit amet, aliquet sollicitudin est. Aenean dapibus non turpis at consectetur. Curabitur id tempor odio. Vestibulum dictum, sem sit amet consectetur ultricies, purus nibh vulputate ex, vitae placerat erat purus eu nulla. Pellentesque habitant morbi tristique senectus et netus et malesuada fames ac turpis egestas.', 'avoid malaria sleep chicken'),
	(00000000023, 04, 'http://static.independent.co.uk/s3fs-public/styles/story_large/public/thumbnails/image/2016/05/03/14/redplanet.jpg', 1469278483, 'Anonim', 'Discovery of life outside solar system \'could be just 10 years away\'', 'Nam lobortis diam vel purus auctor, a vehicula tellus posuere. Etiam ultrices quam at felis posuere vehicula. Praesent sollicitudin lacus a sem tristique semper. Quisque dapibus ante urna, eget pulvinar orci molestie sodales. Pellentesque quis feugiat mauris, at pharetra est. Pellentesque rutrum cursus elit porta imperdiet. Suspendisse sed erat lectus. Cras rhoncus neque in porta pulvinar. Vivamus lorem est, finibus vitae varius quis, molestie vel risus. Integer eu tortor eu quam dictum vulputate in quis purus. Aenean erat turpis, malesuada vitae dolor sit amet, tincidunt iaculis odio. Proin elit est, ultricies in iaculis sed, convallis non sem. Pellentesque at semper metus, in facilisis felis.', 'Discovery solar system '),
	(00000000024, 05, 'http://static.independent.co.uk/s3fs-public/styles/story_large/public/thumbnails/image/2016/07/20/17/pavelsheremet.jpg', 1469278485, 'Vasea Vasin', 'Journalist killed in car bomb attack in Ukraine', 'Duis a pharetra magna. Phasellus nec auctor nibh, sed rhoncus felis. Nam volutpat enim lacus, vitae congue leo interdum non. Nunc sodales nisl sed urna auctor, varius interdum massa convallis. Cras rutrum at enim a lacinia. Vivamus pulvinar nulla in sodales ultrices. Duis eget dui non velit bibendum gravida eget ultricies ipsum. Cras tincidunt ligula non aliquet rutrum. Suspendisse aliquam tempor lacus, ac luctus dolor accumsan eget. Integer rhoncus nibh ut quam varius maximus. Cum sociis natoque penatibus et magnis dis parturient montes, nascetur ridiculus mus.', 'killed car bomb Ukraine'),
	(00000000025, 05, 'http://static.independent.co.uk/s3fs-public/styles/story_large/public/thumbnails/image/2016/07/14/12/cruela_de_vil.png', 1469278487, 'Anonim', 'Newspaper\'s depiction of Theresa May as Cruella de Vil sparks outrage', 'Morbi vel massa nisl. Donec pharetra, lorem ac suscipit aliquet, elit neque iaculis leo, vitae varius augue sapien vitae velit. Praesent maximus, est sed semper volutpat, sapien metus ullamcorper turpis, eu semper velit leo non sapien. Cras cursus urna vitae cursus rhoncus. Ut congue nec nibh id tincidunt. Nunc rutrum turpis a nisl tempor tincidunt. Integer lectus nibh, hendrerit nec euismod sed, varius nec sapien. Praesent dapibus sed eros at hendrerit. Cras velit felis, vehicula eget molestie eu, ornare ut justo. Vestibulum blandit, enim et condimentum posuere, augue sem rutrum erat, ac interdum quam nisl in risus.', 'Theresa May Cruella de Vil '),
	(00000000026, 05, 'http://cdn5.thr.com/sites/default/files/imagecache/landscape_928x523/2012/09/innocence_of_muslims_-_2012.jpg', 1469278489, 'Kostea Konstantinov', 'Channel 4: Sun article about Muslim reporter \'completely unacceptable\'', 'Ut blandit consectetur diam eget commodo. Cras viverra, turpis nec viverra efficitur, ex ante scelerisque nulla, eget viverra orci metus nec metus. Sed id odio magna. Sed felis nulla, volutpat eget rutrum sit amet, gravida vitae magna. Ut ligula tortor, facilisis id vehicula et, vehicula sit amet est. Praesent accumsan posuere tempus. Sed non aliquam ipsum. Phasellus lacinia risus mauris, eget finibus mauris varius in. Nullam semper, nunc quis bibendum pellentesque, odio lectus tincidunt turpis, et posuere nibh arcu quis sem. Suspendisse cursus aliquam enim, rutrum venenatis turpis porttitor id. Vestibulum eu elementum enim, vel suscipit mi. Duis sodales tristique mi, in varius dui varius nec. Integer ullamcorper neque et magna aliquam malesuada id vitae orci. Morbi sit amet arcu sagittis, finibus odio et, finibus felis. Sed porta ante tellus, vel viverra felis posuere non.', 'Channel-4 Sun Muslim unacceptable'),
	(00000000027, 05, 'http://static.independent.co.uk/s3fs-public/styles/story_large/public/thumbnails/image/2016/06/27/19/jeremy-corbyn-police_0.jpg', 1469278491, 'Anonim', 'Three-quarters of Corbyn stories fail to accurately report his views', 'Fusce eget diam quis nisi vulputate maximus ut eget odio. Fusce ante ex, facilisis eget massa et, porta viverra felis. Aliquam consectetur varius erat at consectetur. Donec id tincidunt magna. Curabitur pellentesque et nulla et dapibus. Praesent sit amet suscipit est, ut aliquam mi. Aliquam a gravida dolor. Phasellus tempus dapibus velit, quis rutrum urna accumsan eu. Nullam iaculis, lacus ac viverra ullamcorper, lorem purus tincidunt nisl, id faucibus nisl tellus at nunc. Aenean tristique, lectus nec faucibus tempor, elit sem ultrices tellus, quis hendrerit erat dui at tellus. Sed scelerisque neque at venenatis pharetra. Donec et libero ac elit egestas varius. Mauris non euismod nulla. Fusce lacinia in libero eleifend elementum. Morbi tellus mauris, porttitor ac mi sed, posuere mollis nulla.', 'Corbyn stories'),
	(00000000028, 05, 'http://static.independent.co.uk/s3fs-public/styles/story_large/public/thumbnails/image/2016/02/15/16/american-crime-story-2.jpg', 1469278493, 'Ivan Ivanov', 'Emmys 2016: The People vs OJ Simpson packs the acting categories', 'Curabitur nulla libero, convallis at eros at, venenatis mollis nunc. Sed lectus enim, vestibulum ac feugiat at, gravida id sapien. Sed in lacus sit amet tortor lobortis imperdiet. Phasellus id nisi at magna rutrum consequat. Integer posuere turpis libero, a fringilla neque accumsan non. Ut lacus mauris, blandit eu maximus ac, congue sit amet diam. Ut in nulla non neque ullamcorper elementum vel et diam. Duis nibh nibh, eleifend ac luctus et, molestie ac libero. Duis ut maximus eros. In nec arcu consectetur, pulvinar erat blandit, tristique sem. Pellentesque nibh enim, auctor rhoncus dapibus a, tincidunt vulputate diam. Nunc convallis dui urna, et mollis lacus sollicitudin et. In in sem porttitor, semper purus in, luctus nulla. Donec faucibus auctor enim in posuere.', 'Emmys-2016 OJ Simpson acting'),
	(00000000029, 04, 'https://cdn3.vox-cdn.com/thumbor/OUDOIgtIUEM_3DZNJo1gIXIlcIU=/0x57:560x372/1600x900/cdn0.vox-cdn.com/uploads/chorus_image/image/49996293/tesla-model-s-560.0.0.png', 1469278495, 'Anonim', 'Tesla crash: Driver killed in first fatal crash involving autopilot mode', 'Proin sed massa mattis, gravida lectus non, tempus metus. Fusce quis efficitur libero. Nullam vel odio eleifend, pulvinar risus a, sollicitudin augue. Vivamus lorem sapien, tincidunt tristique felis eu, finibus congue ante. Nunc luctus aliquet tempor. Etiam elementum odio leo, pellentesque aliquet nibh tristique eu. Integer mi sapien, pharetra in neque quis, eleifend condimentum orci. Nulla in massa mollis, hendrerit velit at, pretium erat. Morbi lobortis nulla non ex mattis pellentesque. Maecenas pellentesque eu ipsum sed suscipit.', 'Tesla crash killed fatal autopilot mode'),
	(00000000030, 03, 'http://static.independent.co.uk/s3fs-public/styles/story_large/public/thumbnails/image/2016/07/18/10/pokemon-go-walking.jpg', 1469278498, 'Vasea Vasin', 'Man officially catches \'em all in Pokemon Go', 'Nunc fringilla mi commodo, pretium nunc quis, ornare nisi. Quisque id tortor odio. Nunc lacinia quam at eleifend placerat. Sed id interdum libero, condimentum sodales nisl. Curabitur aliquam justo fermentum ultricies commodo. Etiam at dictum libero. Vestibulum varius justo vestibulum nunc porta fermentum. Curabitur sollicitudin condimentum turpis. Nunc ut facilisis eros, vitae pulvinar lectus. Vestibulum vel dui sem. Fusce nec purus et ipsum malesuada ultricies. Etiam molestie sapien sem, ut gravida augue porttitor eget. Donec vitae scelerisque metus. Donec pretium tristique turpis, nec imperdiet ante auctor sed.', 'Pokemon Go officially'),
	(00000000031, 03, 'http://static.independent.co.uk/s3fs-public/styles/story_large/public/thumbnails/image/2016/05/13/16/rtx26ide_2.jpg', 1469278500, 'Kostea Konstantinov', 'Tinder launches feature to let people go on group dates', 'Vivamus risus dolor, porttitor eleifend pulvinar quis, tempus et mi. Fusce at placerat magna. Aliquam rutrum massa vel felis pellentesque, vel sodales diam pulvinar. Donec id odio eu dolor feugiat venenatis sed nec augue. Vivamus et nulla magna. Sed in tortor odio. Aenean bibendum elit arcu, non congue nulla imperdiet ut. Cras libero nisi, finibus eu nunc varius, mollis dignissim mi.', 'Tinder group dates'),
	(00000000032, 03, 'http://static.independent.co.uk/s3fs-public/styles/story_large/public/thumbnails/image/2016/07/19/16/pokemon.jpg', 1469278502, 'Vasea Vasin', 'Pokemon Go tips: How the first man to catch all 142 Pokemon actually caught them all', 'Duis vulputate vel ipsum quis molestie. Ut sed sollicitudin purus. Mauris turpis odio, auctor sit amet sagittis non, accumsan in tellus. Morbi tempus tincidunt purus at finibus. Mauris nec sem cursus lorem hendrerit facilisis eget sit amet neque. Morbi id suscipit nisl, et convallis neque. Donec luctus neque ante, at facilisis ligula faucibus feugiat. Duis imperdiet lorem at nisi consectetur pharetra. Curabitur quis pulvinar odio. Integer posuere in dui a condimentum. Maecenas eu velit lectus. Nunc quis felis quis sapien suscipit convallis. Fusce id hendrerit ligula, facilisis auctor nisi. In cursus dui sed urna commodo accumsan.', 'Pokemon Go tips'),
	(00000000033, 03, 'http://static.independent.co.uk/s3fs-public/styles/story_large/public/thumbnails/image/2015/08/23/21/P.51-Cables.jpg', 1469278504, 'Anonim', 'Many users unable to get online as UK users hit by huge outage', 'Donec ornare tincidunt risus. Class aptent taciti sociosqu ad litora torquent per conubia nostra, per inceptos himenaeos. Praesent ultrices magna in diam ullamcorper vestibulum. Maecenas ligula leo, semper et orci sed, tristique blandit ex. Nullam iaculis, tortor non commodo eleifend, elit purus malesuada nunc, sed faucibus lacus sapien eget erat. Ut nulla sapien, sollicitudin non leo a, tempus vulputate ligula. Proin feugiat odio ac euismod euismod. Nam sollicitudin a leo bibendum faucibus. Donec sed pellentesque lorem. Nulla facilisi. Morbi tempor, sem id tempus vulputate, risus leo tempor est, id semper tellus tortor id diam.', 'UK hit huge outage'),
	(00000000034, 03, 'http://static.independent.co.uk/s3fs-public/styles/story_large/public/thumbnails/image/2016/02/08/12/piratebay.jpg', 1469278506, 'Kostea Konstantinov', 'US authorities take down world\'s biggest torrent site, maybe forever', 'Morbi molestie volutpat lorem vel finibus. Nullam non justo placerat leo luctus sagittis. Suspendisse eu velit vel nisl commodo vehicula sed non lorem. Lorem ipsum dolor sit amet, consectetur adipiscing elit. Sed lacus felis, placerat id nisi nec, fermentum vulputate massa. Nunc in est in massa lobortis mollis. Nam pellentesque lacus vel ante scelerisque, sit amet ornare nisi pellentesque. Proin euismod turpis aliquam condimentum rutrum. Ut consectetur suscipit consequat. Aliquam risus est, dapibus in viverra nec, sagittis vel elit. Suspendisse tincidunt sem neque, aliquam pretium mi dignissim sit amet. Proin consequat auctor orci, varius accumsan libero maximus eu. Nullam sed odio tellus.', 'US authorities torrent site'),
	(00000000035, 03, 'http://kloop.kg/wp-content/uploads/2015/09/pokemon-go-ios-android.png', 1469278508, 'Ivan Ivanov', 'Japanese government terrified ahead of release of Pokemon Go', 'Maecenas fermentum, lorem eu ullamcorper posuere, quam est consequat libero, et elementum massa nibh sed nunc. Mauris ullamcorper, arcu quis ullamcorper aliquam, est felis vestibulum ligula, et venenatis justo nulla a purus. Vestibulum id magna eu dui laoreet sodales. Pellentesque eget turpis eu augue viverra vulputate sit amet eu magna. In hac habitasse platea dictumst. Quisque bibendum sapien id interdum varius. Nulla velit eros, consectetur sed ligula sed, bibendum mattis elit. Curabitur efficitur quam lacus, vel hendrerit urna interdum quis. In vulputate nisl eu dapibus lacinia. Aenean ante urna, iaculis nec nisi nec, dictum dapibus lectus. Praesent dapibus tellus ut auctor rutrum. Nam felis est, bibendum laoreet libero in, luctus bibendum tellus. Cras vulputate turpis lectus, non tincidunt est pulvinar nec. Aliquam erat volutpat.', 'Japanese government Pokemon Go');
/*!40000 ALTER TABLE `news` ENABLE KEYS */;


-- Дамп структуры для таблица Module4.users
CREATE TABLE IF NOT EXISTS `users` (
  `id` int(10) unsigned zerofill NOT NULL AUTO_INCREMENT,
  `login` varchar(15) CHARACTER SET utf8 COLLATE utf8_unicode_ci NOT NULL,
  `email` varchar(50) NOT NULL DEFAULT '0',
  `salt` int(10) unsigned NOT NULL,
  `password` varchar(32) CHARACTER SET utf8 COLLATE utf8_unicode_ci NOT NULL,
  `is_admin` int(10) unsigned NOT NULL DEFAULT '0',
  PRIMARY KEY (`id`)
) ENGINE=InnoDB AUTO_INCREMENT=35 DEFAULT CHARSET=latin1;

-- Дамп данных таблицы Module4.users: ~8 rows (приблизительно)
/*!40000 ALTER TABLE `users` DISABLE KEYS */;
INSERT INTO `users` (`id`, `login`, `email`, `salt`, `password`, `is_admin`) VALUES
	(0000000027, 'vasea', 'vasea@a', 4942932, '74bc5342862d48eae355e74aef3c9697', 0),
	(0000000028, 'fedea', 'd@d', 4423522, '19c52a8fd06afdbf72a8e774bf4b6cb1', 0),
	(0000000029, 'petea', 'p@p', 5630798, '9c2864725291920d39186fbe9c2fcf5b', 1),
	(0000000030, 'nadea', 'nadea@n', 3305664, '0700c1f103a58a65f2d5b72bd520c14c', 0),
	(0000000031, 'vasilii', 'h@n', 1628112, 'ce0ebebdee4d841b3a9dc1add68ee6b1', 0),
	(0000000032, 'opasia', 'o@p', 7225646, 'a64fffcccd204a316ef8659e274c451a', 0),
	(0000000033, 'a', 'a@a', 495910, 'a437be4cc1d0a33b9ea5af9cf009c070', 0),
	(0000000034, 'b', 'b@b', 4609069, '3ca791c3868ae5966e7f04c4cee5f02a', 0);
/*!40000 ALTER TABLE `users` ENABLE KEYS */;
/*!40101 SET SQL_MODE=IFNULL(@OLD_SQL_MODE, '') */;
/*!40014 SET FOREIGN_KEY_CHECKS=IF(@OLD_FOREIGN_KEY_CHECKS IS NULL, 1, @OLD_FOREIGN_KEY_CHECKS) */;
/*!40101 SET CHARACTER_SET_CLIENT=@OLD_CHARACTER_SET_CLIENT */;
